<View>
  <Image name="image" value="$image"/>

  <!-- Rectangle tool (keep same name = label for compatibility) -->
  <RectangleLabels name="label" toName="image">
   	
  <Label value="butter" background="#FFA39E"/><Label value="fruits" background="#AD8B00"/></RectangleLabels>

  <!-- Polygon tool (new, safe unique name) -->
  <PolygonLabels name="poly" toName="image">
    <Label value="cat" background="#FFA39E"/>
    <Label value="dog" background="#D4380D"/>
    <Label value="other" background="#FFC069"/>
    <Label value="person" background="#AD8B00"/>
    <Label value="butter" background="#FFA39E"/>
    <Label value="fruits" background="#D4380D"/>
    <Label value="broccoli" background="#FFC069"/>
    <Label value="cookies" background="#FFA39E"/>
    <Label value="Giraffe" background="#D4380D"/>
    <Label value="Flowers" background="#FFA39E"/>
    <Label value="Vase" background="#D4380D"/>
    <Label value="Zebra" background="#FFA39E"/>
  <Label value="Umbrella" background="#FFA39E"/><Label value="footware" background="#FFA39E"/><Label value="Horse" background="#FFA39E"/><Label value="Plants" background="#FFA39E"/><Label value="Elephant" background="#D4380D"/><Label value="Clock" background="#FFA39E"/><Label value="Car" background="#FFA39E"/><Label value="Train" background="#FFA39E"/><Label value="Bike" background="#FFA39E"/><Label value="Candle" background="#FFA39E"/><Label value="Aeroplane" background="#FFA39E"/><Label value="Cake" background="#FFA39E"/><Label value="Fork" background="#D4380D"/><Label value="Plate" background="#FFC069"/><Label value="Stove" background="#FFA39E"/><Label value="Knife" background="#D4380D"/><Label value="Hoarding" background="#FFA39E"/><Label value="Mountain" background="#D4380D"/><Label value="Water" background="#FFA39E"/><Label value="Pavement" background="#D4380D"/><Label value="Grass" background="#FFA39E"/><Label value="Cup" background="#FFA39E"/><Label value="Saucer" background="#D4380D"/><Label value="Spoon" background="#FFC069"/><Label value="Book" background="#FFA39E"/><Label value="Bag" background="#D4380D"/><Label value="Bed" background="#FFA39E"/><Label value="Shelf" background="#D4380D"/><Label value="Stairs" background="#FFC069"/><Label value="Lamp" background="#AD8B00"/><Label value="Cupboard" background="#FFA39E"/><Label value="Board" background="#D4380D"/><Label value="Refrigerator" background="#FFC069"/><Label value="Cooking Pan" background="#AD8B00"/><Label value="Bread" background="#FFA39E"/><Label value="Banana" background="#D4380D"/><Label value="Milk" background="#FFC069"/><Label value="Chocolate" background="#AD8B00"/><Label value="Bird" background="#FFA39E"/><Label value="Trees" background="#FFA39E"/><Label value="Pizza" background="#FFA39E"/><Label value="Peas" background="#FFA39E"/><Label value="Veggies" background="#D4380D"/><Label value="Rice" background="#FFC069"/><Label value="SkateBoard" background="#FFA39E"/><Label value="Snow" background="#D4380D"/><Label value="Tap" background="#FFA39E"/><Label value="Toy" background="#D4380D"/><Label value="Buildings" background="#FFA39E"/><Label value="Van" background="#FFA39E"/><Label value="Bus" background="#FFA39E"/><Label value="Wine" background="#FFA39E"/><Label value="Glass" background="#D4380D"/><Label value="Baby" background="#FFA39E"/><Label value="Tabel Tennis Court" background="#FFA39E"/><Label value="Hotdog" background="#FFA39E"/><Label value="Kid" background="#FFA39E"/><Label value="Boat" background="#FFA39E"/><Label value="Donuts" background="#FFA39E"/><Label value="Camera" background="#FFA39E"/><Label value="river" background="#FFA39E"/><Label value="Gloves" background="#FFA39E"/><Label value="Bear" background="#FFA39E"/><Label value="Bridge" background="#FFA39E"/><Label value="Sofa" background="#FFA39E"/><Label value="Curtains" background="#D4380D"/><Label value="Window" background="#FFC069"/><Label value="Mobile" background="#FFA39E"/><Label value="Laptop" background="#D4380D"/><Label value="Tablet" background="#FFC069"/><Label value="Container" background="#FFA39E"/><Label value="Table" background="#D4380D"/></PolygonLabels>
</View>